AdID,Content,Company_ID
552628800,http://ucsd.edu/interdum/mauris.jsp,30
888107056,https://dailymail.co.uk/ipsum/ac/tellus/semper.jpg,79
836525995,http://foxnews.com/odio/curabitur/convallis/duis/consequat/dui.png,49
445708497,http://vimeo.com/hac/habitasse.jsp,12
318121029,https://comcast.net/dolor/morbi/vel/lectus/in/quam/fringilla.jsp,29
253835015,http://infoseek.co.jp/vel/sem/sed/sagittis.jpg,80
549777646,http://issuu.com/pretium/quis/lectus/suspendisse/potenti/in.json,10
788572534,https://eventbrite.com/in/blandit/ultrices/enim.png,81
942889030,http://usda.gov/primis/in/faucibus/orci/luctus.jsp,82
168349604,https://slashdot.org/leo/maecenas/pulvinar/lobortis/est/phasellus.jsp,22
661209384,https://usa.gov/congue/diam/id/ornare/imperdiet/sapien/urna.xml,83
469508910,http://netvibes.com/vulputate/luctus/cum/sociis/natoque/penatibus.json,38
794318409,http://pbs.org/cum/sociis/natoque/penatibus/et/magnis.js,84
791011812,http://msn.com/curabitur/at/ipsum.jsp,78
135703538,https://wordpress.org/hac/habitasse/platea/dictumst/maecenas/ut/massa.jsp,85
779910923,http://timesonline.co.uk/tristique/in/tempus/sit/amet/sem.html,1
151484124,https://is.gd/praesent.aspx,64
861601074,https://fema.gov/nisl/ut/volutpat/sapien/arcu.aspx,86
115339173,http://sakura.ne.jp/habitasse/platea.js,87
857202869,https://yolasite.com/ut/erat/curabitur/gravida.jpg,23
975477771,http://epa.gov/integer/tincidunt/ante/vel/ipsum.json,88
228842167,http://lulu.com/libero/ut/massa.png,89
963102658,https://nymag.com/orci/luctus/et/ultrices/posuere/cubilia.xml,90
468249675,http://narod.ru/risus/auctor.js,91
598122757,http://etsy.com/quis/libero/nullam/sit/amet.xml,92
352016124,http://opera.com/donec/quis/orci/eget/orci.json,62
82059775,https://newsvine.com/eleifend/pede/libero.js,93
709140187,http://dropbox.com/tortor/quis/turpis/sed/ante/vivamus/tortor.html,94
836740574,http://mit.edu/lacus/at/velit/vivamus/vel/nulla/eget.js,95
166726397,https://rediff.com/consectetuer/eget/rutrum/at/lorem.png,56
789850537,http://yellowpages.com/et/ultrices/posuere.js,96
441274285,http://prweb.com/porttitor/lorem/id/ligula/suspendisse/ornare/consequat.aspx,9
30495299,http://google.ru/et.html,97
506628970,http://illinois.edu/nibh/in/hac/habitasse/platea/dictumst.xml,98
309769945,https://mtv.com/iaculis/congue/vivamus/metus/arcu/adipiscing.png,99
231022380,https://163.com/ante/vel.png,20
885873471,http://flickr.com/rutrum/rutrum/neque.jsp,53
527683592,https://theguardian.com/aenean.json,100
43047917,http://noaa.gov/duis/bibendum/morbi/non/quam.png,101
100776759,http://washington.edu/penatibus/et/magnis/dis/parturient.js,16
621675104,https://cdbaby.com/eget/eleifend/luctus/ultricies/eu/nibh/quisque.jsp,61
794469413,http://adobe.com/pede.js,102
311010301,https://engadget.com/in/consequat/ut/nulla/sed/accumsan.js,63
955565528,https://si.edu/ipsum/primis/in/faucibus/orci.png,103
33402069,https://cornell.edu/vitae/consectetuer/eget.jpg,104
393265215,http://bbc.co.uk/turpis/elementum/ligula/vehicula/consequat/morbi/a.jsp,21
53230239,http://goodreads.com/adipiscing.jpg,105
381332265,https://comcast.net/in/leo/maecenas/pulvinar.html,106
381093684,https://google.it/placerat/praesent.js,107
443848750,https://domainmarket.com/maecenas/pulvinar.xml,75
820429431,http://aboutads.info/blandit/ultrices/enim/lorem/ipsum/dolor.html,108
956142652,http://geocities.jp/turpis.png,109
579250358,http://tiny.cc/mi/nulla.jsp,8
674894707,http://skyrock.com/duis/at/velit.jpg,19
51364782,https://php.net/vel/lectus/in/quam/fringilla/rhoncus/mauris.json,110
40717269,https://purevolume.com/ut/blandit/non/interdum.xml,111
591369931,https://slate.com/elit/ac/nulla/sed.json,112
460172409,https://china.com.cn/vitae/quam.aspx,69
811066572,https://tripadvisor.com/in/congue/etiam/justo/etiam/pretium/iaculis.aspx,50
784258005,http://house.gov/enim/sit/amet/nunc/viverra/dapibus/nulla.json,54
396044898,https://google.com/lacus/at/turpis/donec/posuere/metus.json,113
920290325,http://youku.com/felis/sed/interdum/venenatis/turpis.xml,7
127355935,http://rakuten.co.jp/ultricies.html,39
855951703,https://dropbox.com/sed/lacus/morbi/sem.jpg,43
511031003,https://last.fm/nonummy/maecenas/tincidunt/lacus/at/velit/vivamus.jpg,32
488470765,http://diigo.com/leo/odio/porttitor/id.json,24
191990161,http://java.com/phasellus.json,59
821906208,https://dyndns.org/pulvinar/lobortis/est/phasellus/sit.jsp,114
82002006,https://theglobeandmail.com/vel/nisl/duis/ac/nibh.xml,115
936919846,http://geocities.jp/aliquam/sit/amet/diam/in.html,116
129225204,http://liveinternet.ru/egestas/metus/aenean/fermentum/donec.html,3
470401064,http://xrea.com/in/lacus/curabitur/at/ipsum.xml,25
106781578,https://spiegel.de/nullam/varius/nulla/facilisi/cras/non.aspx,27
81345445,https://princeton.edu/interdum/eu/tincidunt.aspx,67
656860655,https://alibaba.com/a/odio/in/hac/habitasse.jsp,36
689809525,http://printfriendly.com/dolor/quis/odio/consequat.html,117
559313996,https://e-recht24.de/risus/auctor.jpg,66
721816654,http://live.com/at.html,118
796272058,http://hc360.com/augue/quam/sollicitudin.xml,17
969106853,https://wiley.com/ac/nibh/fusce/lacus/purus.jpg,73
565461597,http://free.fr/nunc.aspx,119
644492965,https://nps.gov/aliquet/maecenas.xml,120
513802507,https://wix.com/hac/habitasse/platea/dictumst/etiam/faucibus.json,121
978992674,https://ovh.net/in/imperdiet/et.png,14
498214019,https://cornell.edu/felis/donec/semper/sapien/a/libero.aspx,48
910128409,https://timesonline.co.uk/nibh/ligula/nec/sem/duis/aliquam/convallis.json,122
175294458,https://flavors.me/gravida/sem.html,2
834937677,http://salon.com/dui.jpg,123
787154066,http://hubpages.com/consequat/in.html,124
677948978,https://nhs.uk/sed/interdum.js,37
254971311,http://imageshack.us/justo/maecenas/rhoncus.jpg,125
478031767,https://state.tx.us/ante/ipsum/primis/in.jpg,126
690706473,http://businesswire.com/justo/lacinia/eget/tincidunt/eget/tempus.jpg,5
585393743,https://pinterest.com/leo.jsp,127
769723295,https://hibu.com/sit/amet/consectetuer.png,6
197472324,http://domainmarket.com/pretium/iaculis/justo/in/hac.png,128
936626245,http://ycombinator.com/massa/id/lobortis.xml,129
417434750,http://stanford.edu/vestibulum/quam/sapien/varius/ut.js,15
435499048,https://tiny.cc/eros/suspendisse/accumsan.json,130
389271882,http://uiuc.edu/at/ipsum/ac/tellus/semper/interdum/mauris.json,131
320146798,http://marriott.com/pharetra/magna/ac/consequat/metus/sapien.xml,132
297594192,http://is.gd/velit/donec/diam/neque.html,40
226235563,http://ihg.com/erat/fermentum/justo/nec/condimentum.html,13
692056316,https://123-reg.co.uk/odio/in/hac.jpg,133
224787978,http://thetimes.co.uk/non/velit.json,72
978615902,http://springer.com/elit/ac/nulla/sed.js,134
49081121,http://github.io/at/vulputate/vitae.xml,28
864347904,http://mediafire.com/quis/odio/consequat/varius/integer/ac/leo.aspx,47
890263564,http://pbs.org/rhoncus.png,135
967723720,https://canalblog.com/ac/enim/in/tempor/turpis/nec/euismod.png,35
650209135,https://domainmarket.com/massa/volutpat/convallis/morbi.jpg,71
781695978,http://nifty.com/vitae/nisi/nam.aspx,44
109336995,https://latimes.com/lacus/morbi.js,136
209520711,http://hibu.com/mauris/enim/leo.html,137
78969408,http://wikipedia.org/adipiscing/elit.png,138
20928681,https://exblog.jp/eget/nunc/donec/quis/orci/eget.js,34
759341656,https://alibaba.com/a/pede/posuere/nonummy/integer/non/velit.xml,70
484099105,http://sogou.com/justo/in/blandit/ultrices.json,55
907199366,http://google.ca/integer/tincidunt.jsp,68
939613784,http://jiathis.com/nulla.png,139
977575373,http://guardian.co.uk/ultrices/libero/non/mattis/pulvinar.png,41
294482762,https://apache.org/id/ornare/imperdiet/sapien.jsp,26
69713477,http://state.tx.us/augue/vestibulum/rutrum/rutrum/neque.jpg,77
911125292,https://auda.org.au/vel/enim/sit/amet.html,140
783003214,https://digg.com/ipsum.aspx,141
494036738,http://typepad.com/donec/pharetra/magna/vestibulum/aliquet/ultrices/erat.aspx,60
277666067,http://istockphoto.com/id/luctus/nec/molestie/sed.xml,45
718722378,http://etsy.com/molestie/lorem/quisque/ut.xml,11
156610884,http://is.gd/dui/maecenas/tristique/est/et/tempus.json,142
414489060,https://dion.ne.jp/habitasse/platea/dictumst/morbi/vestibulum.jsp,33
173438721,http://aol.com/porta/volutpat.js,143
148289366,http://wordpress.com/id/nisl/venenatis/lacinia/aenean/sit/amet.xml,42
572833326,http://biglobe.ne.jp/mauris.xml,74
751299834,http://spotify.com/at/turpis.jpg,144
364754406,https://drupal.org/venenatis/lacinia.jsp,76
188530138,https://storify.com/semper/rutrum/nulla/nunc/purus/phasellus/in.js,145
605380733,https://ed.gov/nisi/volutpat/eleifend/donec/ut/dolor.json,51
639850335,https://jugem.jp/nulla/mollis/molestie.jpg,18
799000801,https://va.gov/justo/sit/amet/sapien/dignissim/vestibulum.xml,65
204275796,http://imgur.com/erat/vestibulum/sed/magna/at.jsp,58
602744332,http://arizona.edu/lectus/suspendisse.xml,52
172046868,https://twitter.com/neque/aenean/auctor/gravida/sem.png,146
429489946,http://pbs.org/hac/habitasse/platea/dictumst/etiam.json,147
512278059,https://cbc.ca/id/mauris/vulputate/elementum/nullam.aspx,148
67952524,http://ask.com/consectetuer/adipiscing/elit/proin/interdum/mauris.html,46
286911308,https://biglobe.ne.jp/molestie.jsp,12
837883106,http://archive.org/eget/eleifend/luctus.json,29
55384168,http://example.com/quam/sollicitudin/vitae/consectetuer/eget/rutrum/at.jsp,80
615390501,http://nytimes.com/convallis/nulla.png,10
752014362,http://blogs.com/eu/tincidunt.js,81
648099808,http://goo.ne.jp/elit/proin/risus/praesent/lectus/vestibulum.json,82
310532946,http://chronoengine.com/platea/dictumst.jpg,22
863443046,https://statcounter.com/augue/vestibulum.js,83
258843561,http://unesco.org/erat/curabitur/gravida/nisi/at/nibh/in.jpg,38
913098393,https://google.com.br/lorem/quisque/ut/erat/curabitur.json,84
526342322,http://wikipedia.org/lorem.js,78
433947680,http://weebly.com/eget/tempus/vel.png,85
56432761,http://i2i.jp/libero/rutrum/ac.html,1
102044232,https://tinyurl.com/vulputate/vitae/nisl/aenean.jpg,64
868602503,https://bbc.co.uk/eros/viverra/eget/congue.png,86
587772229,http://google.it/felis/sed/interdum/venenatis/turpis.html,87
940604018,https://mozilla.com/vestibulum/ante/ipsum/primis/in/faucibus/orci.js,23
533909528,https://reference.com/turpis/sed.jsp,88
741386846,http://example.com/orci/luctus/et.jpg,89
751026459,http://xing.com/libero/non/mattis/pulvinar/nulla/pede/ullamcorper.aspx,90
781721212,https://pagesperso-orange.fr/massa/id/lobortis.json,91
395793229,http://youku.com/morbi/quis/tortor.html,92
448726493,https://webmd.com/suspendisse/potenti/cras.json,62
175591702,https://bbc.co.uk/tortor/risus/dapibus.aspx,93
149322228,http://newsvine.com/sapien/varius/ut/blandit/non/interdum.aspx,94
219422930,http://google.cn/adipiscing/molestie.jpg,95
949027739,https://ifeng.com/eu.jsp,56
658868754,https://hibu.com/maecenas.png,96
600311506,https://theguardian.com/in/faucibus.jsp,9
785752744,https://earthlink.net/massa/id.xml,97
819566657,https://smugmug.com/et/commodo.js,98
276727400,http://apple.com/fusce/posuere.json,99
873117235,https://so-net.ne.jp/augue/quam.html,20
975936218,http://google.nl/magna/vulputate/luctus.html,53
89692019,https://state.gov/ullamcorper/augue/a/suscipit/nulla.aspx,100
886021472,https://google.com.hk/tincidunt/eu/felis.xml,101
297765207,https://hubpages.com/faucibus/cursus/urna/ut/tellus.aspx,16
340541699,http://indiatimes.com/hac/habitasse/platea/dictumst/maecenas/ut.js,61
531363478,http://privacy.gov.au/erat.xml,102
770899050,https://w3.org/nullam/varius/nulla/facilisi/cras.xml,63
288329838,https://yelp.com/faucibus/cursus.js,103
894911675,https://4shared.com/amet/cursus/id/turpis.aspx,104
337579943,http://nature.com/in/leo/maecenas/pulvinar/lobortis/est/phasellus.aspx,21
721637978,http://sphinn.com/luctus/et/ultrices/posuere.html,105
460267711,http://ucsd.edu/sit/amet/cursus/id.jpg,106
482306533,https://hexun.com/aliquet.aspx,107
275661793,http://networksolutions.com/nisi.png,75
65871264,http://1und1.de/metus/vitae/ipsum/aliquam/non.html,108
351402191,http://mozilla.org/at/nunc/commodo/placerat/praesent/blandit.js,109
662716631,http://tinyurl.com/dignissim.jpg,8
960412178,https://ted.com/semper/sapien/a/libero.json,19
64522193,http://chicagotribune.com/in/tempor/turpis/nec/euismod/scelerisque.jpg,110
902240334,http://yellowbook.com/sociis/natoque/penatibus/et/magnis.aspx,111
324845168,https://blogger.com/lacinia/erat.aspx,112
372125285,https://columbia.edu/vestibulum/rutrum/rutrum/neque/aenean/auctor.html,69
175319160,http://flickr.com/quis/turpis/sed/ante/vivamus/tortor.png,50
714691081,http://narod.ru/volutpat/convallis/morbi/odio/odio/elementum.json,54
92972567,http://un.org/aliquam/non.png,113
755143288,http://dmoz.org/justo/etiam/pretium.jsp,7
974448611,http://harvard.edu/in/est/risus.xml,39
504356824,https://elpais.com/dapibus/dolor/vel/est/donec.json,43
613644888,http://examiner.com/suspendisse/accumsan/tortor/quis/turpis/sed/ante.js,32
794346453,http://yahoo.com/ut/at.js,24
883257545,https://de.vu/eget/orci/vehicula/condimentum/curabitur.xml,59
239342017,http://narod.ru/id/mauris/vulputate.xml,114
64840406,https://redcross.org/nulla.json,115
501726250,http://mayoclinic.com/sed/vel/enim/sit/amet.js,116
575007037,https://yolasite.com/in/felis.js,3
986675250,http://ebay.com/mus/etiam/vel.html,25
746217830,https://tripadvisor.com/magnis/dis/parturient/montes.json,27
142871680,https://cargocollective.com/et/eros.aspx,67
278070103,http://a8.net/consequat/dui/nec/nisi.jpg,36
136265424,https://mapquest.com/maecenas/leo/odio.jsp,117
188856256,http://examiner.com/donec/odio.png,66
453162781,https://w3.org/in/hac/habitasse/platea.js,118
614334441,http://microsoft.com/in/felis/donec/semper/sapien/a.png,17
296181393,http://a8.net/in/purus/eu/magna/vulputate.jsp,73
304031902,http://amazonaws.com/consequat/in/consequat/ut.aspx,119
339957165,https://merriam-webster.com/etiam/pretium/iaculis.xml,120
109951654,https://google.co.jp/potenti/cras/in/purus/eu/magna.js,121
849866835,https://census.gov/porta/volutpat/quam.aspx,14
452218665,https://webs.com/consequat/nulla.aspx,48
370850529,http://blog.com/curae/mauris.aspx,122
285676863,http://webnode.com/porttitor/id/consequat.jpg,2
625624333,https://columbia.edu/leo/rhoncus/sed/vestibulum.json,123
115293061,https://opensource.org/nisl/nunc/nisl/duis/bibendum/felis.jsp,124
266820115,http://reddit.com/vulputate/luctus/cum/sociis/natoque/penatibus.xml,37
633005550,http://miibeian.gov.cn/in.jpg,125
54212017,http://soup.io/erat/curabitur/gravida/nisi.html,126
142340620,https://behance.net/eu/tincidunt.aspx,5
855123182,http://github.io/purus/sit/amet/nulla/quisque.jpg,127
511170206,http://google.es/vestibulum/sed/magna/at/nunc.js,6
912488921,https://webmd.com/odio/cras/mi/pede.html,128
343560920,https://php.net/interdum/in/ante/vestibulum/ante/ipsum/primis.aspx,129
353836691,https://noaa.gov/nulla/dapibus/dolor/vel/est/donec/odio.js,15
553855888,https://vistaprint.com/posuere/felis/sed/lacus/morbi/sem/mauris.aspx,130
428748310,http://dagondesign.com/volutpat/convallis/morbi/odio/odio/elementum.jsp,131
380658047,https://mediafire.com/curae/donec/pharetra.jsp,132
579176852,http://theguardian.com/orci/luctus/et/ultrices/posuere.aspx,40
617148859,https://yale.edu/donec/vitae/nisi.jsp,13
102583929,http://comsenz.com/fusce/consequat.aspx,133
10300293,https://networkadvertising.org/sapien/quis/libero/nullam.html,72
991669711,https://microsoft.com/condimentum/curabitur/in.png,134
349114257,https://unc.edu/porttitor/pede/justo.json,28
36044425,http://jugem.jp/augue/quam/sollicitudin/vitae/consectetuer.js,47
929926443,http://cdc.gov/morbi/porttitor/lorem/id/ligula.js,135
961848254,http://marriott.com/volutpat/convallis.json,35
95766281,http://sciencedirect.com/in/hac.js,71
713925734,https://state.gov/habitasse/platea/dictumst/aliquam/augue/quam.xml,44
417511401,http://nature.com/aenean/lectus/pellentesque/eget/nunc.jpg,136
642188290,http://cloudflare.com/elit.aspx,137
152990366,https://pen.io/diam/erat.jsp,138
396962320,http://umn.edu/tempus/sit.aspx,34
760173167,https://guardian.co.uk/mus/etiam/vel/augue/vestibulum.jsp,70
343946581,http://deliciousdays.com/vestibulum/ac.json,55
545851085,https://163.com/mus/vivamus/vestibulum/sagittis.xml,68
497924076,http://msn.com/duis/faucibus/accumsan.js,139
615297219,https://aboutads.info/tempus/semper/est/quam.xml,41
371367041,http://indiatimes.com/nisi/venenatis/tristique.xml,26
512180272,http://craigslist.org/nisi/at/nibh/in/hac.js,77
626923077,https://epa.gov/ut/mauris.jpg,140
44740140,https://geocities.jp/eu.html,141
341242768,http://skyrock.com/potenti/cras/in/purus.json,60
503547027,https://google.com.hk/orci.js,45
149936005,http://tmall.com/sit/amet.js,11
38462410,https://bizjournals.com/sapien/placerat/ante/nulla/justo/aliquam/quis.xml,142
959442615,http://blogspot.com/sit.jpg,33
462604504,https://shutterfly.com/quisque/porta/volutpat/erat/quisque/erat.jsp,143
913556104,http://wsj.com/ultrices.js,42
427650848,http://angelfire.com/vestibulum/proin/eu/mi.html,74
381050645,https://addthis.com/congue/etiam/justo.jpg,144
980844757,http://usatoday.com/placerat/praesent/blandit/nam/nulla.png,76
682823194,http://google.pl/ultrices.jsp,145
930463260,http://fotki.com/at/velit/eu/est/congue/elementum/in.xml,51
958323706,https://psu.edu/vivamus.jsp,18
534561367,https://sitemeter.com/nulla/facilisi.json,65
940114001,http://pagesperso-orange.fr/erat/quisque/erat.png,58
518646184,https://live.com/eu/interdum/eu/tincidunt/in/leo.xml,52
598109790,http://networksolutions.com/vestibulum/velit/id.png,146
156322892,http://about.me/vulputate.html,147
88984273,http://alibaba.com/volutpat/quam/pede/lobortis/ligula/sit.html,148
435045202,https://google.nl/eu/mi/nulla.js,46
937624950,http://theglobeandmail.com/nisl/aenean.xml,82
436868349,http://narod.ru/odio/donec/vitae/nisi.aspx,22
376101238,https://bandcamp.com/eget/rutrum/at/lorem/integer.js,83
251278161,http://bloglovin.com/magna.xml,38
927929508,http://msn.com/est/risus/auctor/sed/tristique/in.json,84
825065583,http://phoca.cz/elementum/nullam/varius/nulla/facilisi/cras.json,78
207981565,https://nhs.uk/sit/amet/eleifend/pede/libero/quis/orci.js,85
955671600,http://weather.com/habitasse/platea/dictumst/morbi/vestibulum/velit.jpg,1
477275539,http://ibm.com/donec/pharetra/magna.xml,64
736220732,https://nba.com/accumsan/odio/curabitur.jpg,86
377127646,http://berkeley.edu/eu/felis/fusce/posuere/felis.xml,87
551914450,http://hugedomains.com/pellentesque/ultrices/mattis.js,23
635215269,http://nytimes.com/libero/non/mattis.jsp,88
500196182,https://forbes.com/nisl/duis.aspx,89
921991189,https://myspace.com/nascetur/ridiculus/mus/vivamus.json,90
540328465,https://ft.com/etiam/justo/etiam/pretium/iaculis/justo/in.png,91
690604515,https://yolasite.com/adipiscing/elit/proin/risus/praesent/lectus.png,92
794859272,http://cnet.com/curae/nulla/dapibus/dolor/vel.jsp,62
716700496,https://storify.com/lectus/in/est/risus.aspx,93
728311171,https://fda.gov/fusce/consequat/nulla/nisl/nunc.jpg,94
970786556,http://jugem.jp/turpis/elementum/ligula/vehicula/consequat/morbi/a.js,95
649756569,http://angelfire.com/elit/sodales/scelerisque/mauris/sit.jsp,56
36227343,http://ow.ly/condimentum/id/luctus/nec.jpg,96
78589890,http://gov.uk/faucibus/cursus/urna/ut/tellus/nulla/ut.png,9
856642929,https://nytimes.com/lacinia.json,97
331940828,https://nsw.gov.au/elit/ac/nulla/sed.jpg,98
729430770,https://tumblr.com/augue/vestibulum/ante/ipsum/primis/in/faucibus.html,99
717957115,http://intel.com/id/nisl/venenatis/lacinia.json,20
318893201,http://skyrock.com/sapien/sapien/non/mi/integer/ac.xml,53
177093643,https://huffingtonpost.com/ultrices.xml,100
949149696,http://geocities.jp/ante/vestibulum/ante.js,101
725517691,https://icq.com/at/turpis.jsp,16
94896693,http://oakley.com/dui/maecenas/tristique/est/et/tempus/semper.aspx,61
373802732,https://people.com.cn/amet/sem.html,102
527447594,https://tamu.edu/quam.js,63
499864274,http://homestead.com/nulla/integer/pede.js,103
372977360,https://live.com/vel/pede/morbi/porttitor/lorem/id/ligula.jsp,104
812625339,https://homestead.com/in/quis/justo/maecenas.jpg,21
588741327,http://fda.gov/mauris/laoreet.jsp,105
782763467,https://nyu.edu/massa/volutpat/convallis/morbi/odio/odio.xml,106
152271743,http://dropbox.com/morbi/porttitor.jsp,107
944760778,https://eventbrite.com/enim/sit/amet/nunc/viverra/dapibus/nulla.png,75
60912883,http://harvard.edu/in/quam/fringilla/rhoncus.aspx,108
268504394,https://parallels.com/nulla/nisl/nunc/nisl/duis.aspx,109
251344904,http://smh.com.au/ac/enim/in/tempor.jsp,8
313238929,https://geocities.com/sapien.png,19
32541119,https://shutterfly.com/morbi/non.html,110
775590234,http://nih.gov/dui/vel/sem/sed.json,111
243944393,http://drupal.org/turpis/integer.xml,112
95694612,https://bizjournals.com/tempor.js,69
820008693,https://typepad.com/non/mattis/pulvinar/nulla/pede/ullamcorper/augue.aspx,50
124316143,https://macromedia.com/ultrices/enim/lorem/ipsum/dolor/sit/amet.jsp,54
672292431,https://google.com/in/consequat/ut/nulla/sed.html,113
681501521,https://virginia.edu/vestibulum/ante/ipsum/primis/in/faucibus.jpg,7
993826236,https://youku.com/nulla/mollis/molestie/lorem/quisque.jpg,39
409664056,http://vinaora.com/tincidunt.jsp,43
715096459,https://cam.ac.uk/nunc/purus/phasellus/in/felis/donec/semper.js,32
121507190,http://a8.net/nibh/in/lectus/pellentesque/at/nulla/suspendisse.js,24
407909346,http://mozilla.com/augue.xml,59
915586379,https://mlb.com/vel/nisl.png,114
335561018,http://goodreads.com/convallis/eget/eleifend/luctus/ultricies/eu/nibh.json,115
161095929,https://tripod.com/potenti/in/eleifend/quam/a.json,116
90827216,https://lycos.com/pellentesque/at/nulla/suspendisse/potenti/cras.json,3
157349760,http://e-recht24.de/iaculis/congue/vivamus/metus/arcu/adipiscing/molestie.png,25
294907598,http://psu.edu/est/donec/odio.xml,27
10758917,https://addthis.com/mattis/nibh/ligula/nec/sem/duis/aliquam.jsp,67
249020964,https://ibm.com/vel/pede/morbi/porttitor.html,36
126364991,https://webmd.com/eget/rutrum/at/lorem/integer.jpg,117
904392445,https://yahoo.com/aenean.xml,66
813225820,https://sun.com/vel/dapibus/at/diam.png,118
993487538,http://zdnet.com/rutrum/ac/lobortis/vel/dapibus.json,17
198692112,http://mysql.com/nibh/in/hac/habitasse/platea/dictumst/aliquam.xml,73
684873472,http://amazonaws.com/massa.jpg,119
138539164,https://ft.com/pellentesque.json,120
900606861,https://wikimedia.org/volutpat/in/congue/etiam/justo/etiam/pretium.jpg,121
167761724,http://ihg.com/lectus/suspendisse/potenti.jpg,14
343860335,https://woothemes.com/velit/vivamus/vel/nulla.json,48
239250584,http://nsw.gov.au/consequat/metus.js,122
562113148,https://rediff.com/mauris/non/ligula/pellentesque/ultrices/phasellus/id.jsp,2
679075641,https://last.fm/integer.js,123
107544776,https://clickbank.net/metus.jsp,124
971435080,https://quantcast.com/eget/tempus/vel/pede/morbi/porttitor/lorem.png,37
866230323,http://gov.uk/vivamus/tortor/duis/mattis/egestas/metus/aenean.html,125
231180167,http://wsj.com/sed/tristique/in/tempus/sit.xml,126
860795654,https://dmoz.org/feugiat/non/pretium/quis/lectus/suspendisse.json,5
999185109,http://ibm.com/mauris/sit/amet/eros/suspendisse/accumsan/tortor.json,127
946260883,http://sphinn.com/condimentum/curabitur/in/libero/ut/massa/volutpat.jsp,6
245756394,http://bluehost.com/rutrum/rutrum/neque/aenean.aspx,128
890447896,http://zimbio.com/nisl/nunc/rhoncus/dui.xml,129
774951427,https://loc.gov/ridiculus/mus/vivamus/vestibulum/sagittis.json,15
982273665,https://senate.gov/pretium/iaculis.png,130
671956331,http://comcast.net/sed.js,131
324322501,http://wordpress.com/pede/justo/eu/massa/donec/dapibus/duis.png,132
88620503,https://clickbank.net/est/donec/odio/justo.html,40
205384830,https://blog.com/mauris/sit/amet/eros/suspendisse.xml,13
814363950,https://usda.gov/ultrices/libero/non.js,133
20074037,http://hatena.ne.jp/pede/malesuada/in/imperdiet/et/commodo/vulputate.jsp,72
199035533,https://e-recht24.de/ut/mauris/eget/massa.html,134
63711955,http://hexun.com/diam/in/magna.json,28
780382815,http://baidu.com/et/magnis.json,47
658434744,http://stumbleupon.com/in/ante/vestibulum/ante/ipsum/primis/in.png,135
22910993,https://redcross.org/volutpat/quam/pede/lobortis/ligula.jsp,35
825292028,http://hostgator.com/in.json,71
353936712,http://e-recht24.de/praesent/blandit/nam/nulla/integer/pede/justo.aspx,44
84721212,http://pinterest.com/vulputate/elementum/nullam/varius/nulla.jsp,136
485703482,http://ihg.com/congue/diam/id/ornare/imperdiet.aspx,137
759673584,http://mapy.cz/maecenas/pulvinar/lobortis/est/phasellus/sit/amet.js,138
47152099,http://independent.co.uk/donec/dapibus/duis/at/velit/eu.html,34
22960951,https://hao123.com/ut/nunc/vestibulum/ante/ipsum/primis/in.js,70
77695838,https://noaa.gov/aliquet/ultrices/erat/tortor/sollicitudin.json,55
599541550,https://sakura.ne.jp/molestie.jsp,68
726969374,https://yelp.com/justo/etiam/pretium.js,139
196832652,https://networksolutions.com/maecenas/tincidunt/lacus/at/velit/vivamus.js,41
101406288,https://gizmodo.com/dui/luctus/rutrum/nulla/tellus.jsp,26
817626642,https://springer.com/erat.json,77
496838803,https://about.com/eget/eleifend.jpg,140
285832675,https://disqus.com/morbi/a.jsp,141
529755157,http://usa.gov/nisl/duis/bibendum/felis/sed/interdum/venenatis.jsp,60
198064227,https://bandcamp.com/quam.xml,45
445284595,https://elegantthemes.com/volutpat/in/congue/etiam.html,11
771992253,https://woothemes.com/at/velit/vivamus/vel.json,142
108028312,http://wufoo.com/ut/massa/quis.xml,33
418354002,https://gmpg.org/vulputate.xml,143
469996285,https://timesonline.co.uk/felis/sed/lacus.jpg,42
591071788,http://biblegateway.com/mattis/nibh.png,74
90995248,http://typepad.com/lacus/morbi.html,144
579187689,https://myspace.com/ac/leo/pellentesque/ultrices/mattis/odio.aspx,76
294704549,https://geocities.com/primis/in/faucibus.jpg,145
398148580,https://rakuten.co.jp/commodo/placerat/praesent/blandit/nam.jpg,51
187652627,http://umich.edu/sodales/sed/tincidunt/eu/felis/fusce/posuere.json,18
213744425,http://macromedia.com/mauris.png,65
458963060,https://nhs.uk/eget/nunc/donec/quis/orci/eget/orci.jsp,58
365230759,https://adobe.com/sed/vel/enim.png,52
584755631,http://phoca.cz/lobortis.json,146
71928786,https://si.edu/nisl/nunc/nisl/duis.jsp,147
504759291,https://opera.com/lobortis/ligula/sit/amet/eleifend.jpg,148
476442702,https://arizona.edu/duis/aliquam/convallis.png,46
669952766,https://istockphoto.com/odio/justo/sollicitudin/ut/suscipit/a.png,90
942999049,https://sakura.ne.jp/ante/ipsum/primis/in/faucibus/orci/luctus.html,91
246611131,https://biblegateway.com/id/consequat/in/consequat.aspx,92
13546826,http://smugmug.com/commodo/vulputate.jsp,62
988578192,https://ebay.co.uk/nulla/tellus/in/sagittis.html,93
902828529,http://google.com.br/aenean/lectus/pellentesque/eget.json,94
679397142,https://google.es/nulla/ut/erat/id.js,95
453915330,http://shinystat.com/ultrices/vel.png,56
528227334,http://uol.com.br/quisque.js,96
667152805,http://nymag.com/odio/cras.jpg,9
880338659,http://sourceforge.net/nisi/at/nibh/in/hac/habitasse.js,97
692127912,https://berkeley.edu/potenti/nullam/porttitor/lacus/at/turpis.json,98
37536740,http://homestead.com/mollis/molestie/lorem/quisque.js,99
645684285,http://nsw.gov.au/quisque.jpg,20
727081265,https://wikimedia.org/faucibus/orci/luctus/et/ultrices/posuere.json,53
117729356,https://cloudflare.com/sit/amet.json,100
319532664,http://amazon.com/accumsan/tellus/nisi/eu/orci/mauris/lacinia.jpg,101
709233051,http://exblog.jp/sit.jpg,16
59740381,https://quantcast.com/et/ultrices/posuere/cubilia/curae/mauris.html,61
257486418,http://springer.com/primis/in/faucibus.jpg,102
708709584,http://xinhuanet.com/consequat/in.js,63
722735509,https://army.mil/donec/pharetra/magna/vestibulum/aliquet.json,103
315004189,http://hud.gov/in/quis/justo/maecenas.aspx,104
587147125,http://wufoo.com/consequat/metus/sapien/ut/nunc/vestibulum.jsp,21
414267678,http://twitter.com/lectus/suspendisse/potenti/in.js,105
949773282,http://cdbaby.com/lectus/suspendisse/potenti/in/eleifend/quam/a.html,106
733811507,https://fema.gov/pede.js,107
410062486,https://usatoday.com/nullam/sit/amet/turpis/elementum/ligula.png,75
805410058,https://bloglines.com/eu/felis/fusce/posuere/felis/sed.png,108
891378884,http://redcross.org/lobortis/ligula.json,109
650089476,http://businessinsider.com/lacus/purus/aliquet/at/feugiat.json,8
813115502,https://dot.gov/libero/non/mattis/pulvinar/nulla/pede/ullamcorper.jsp,19
744930199,https://gnu.org/mi/in/porttitor/pede/justo/eu.jpg,110
113330568,http://scientificamerican.com/erat/volutpat/in/congue/etiam/justo.js,111
490472452,https://creativecommons.org/cras/non.xml,112
58948366,http://webs.com/hac/habitasse/platea/dictumst/aliquam/augue/quam.aspx,69
170240709,http://artisteer.com/at/dolor/quis/odio.aspx,50
378737768,https://yandex.ru/purus/phasellus/in/felis/donec.html,54
781667651,http://youtube.com/ante/vel/ipsum/praesent/blandit/lacinia/erat.aspx,113
973233580,http://list-manage.com/leo/odio/porttitor/id/consequat/in/consequat.png,7
874717834,https://wsj.com/in.jsp,39
743937636,http://fc2.com/ultrices.png,43
91964030,http://ibm.com/ut/nunc/vestibulum.json,32
848307909,https://disqus.com/sed/magna/at/nunc.jpg,24
935465753,http://list-manage.com/tincidunt.html,59
329384636,http://blogspot.com/ut/dolor/morbi/vel/lectus.xml,114
116452252,http://mysql.com/cras.html,115
844737783,https://bbb.org/ac/lobortis/vel/dapibus/at/diam/nam.jsp,116
782942471,https://reuters.com/pede/morbi/porttitor.json,3
318882619,https://statcounter.com/phasellus/sit/amet/erat/nulla/tempus/vivamus.json,25
571345793,http://mac.com/iaculis/justo.html,27
346248436,http://wikipedia.org/amet/lobortis/sapien/sapien/non.aspx,67
845803536,http://de.vu/ultrices/phasellus/id.js,36
263326727,https://reddit.com/turpis/sed/ante.aspx,117
941404633,https://ow.ly/id/ligula/suspendisse/ornare/consequat.jpg,66
330285214,https://xrea.com/erat/fermentum/justo/nec/condimentum/neque/sapien.xml,118
104162676,https://icq.com/nunc/nisl/duis/bibendum.aspx,17
227746218,https://blogtalkradio.com/pede/lobortis/ligula/sit/amet/eleifend.html,73
888129023,http://mail.ru/justo/sollicitudin/ut/suscipit/a/feugiat.png,119
25427930,http://meetup.com/pede/justo/lacinia/eget/tincidunt/eget/tempus.html,120
901446233,https://paginegialle.it/erat/nulla.aspx,121
461881513,http://constantcontact.com/vitae/mattis/nibh/ligula.xml,14
697492015,http://opensource.org/morbi/vestibulum.js,48
663731349,http://umich.edu/aliquam/sit.json,122
411909631,https://opensource.org/sapien/cum/sociis.xml,2
32863519,http://geocities.jp/ut/massa.json,123
570472938,http://plala.or.jp/sollicitudin/vitae/consectetuer/eget.png,124
161484951,http://xing.com/suspendisse/potenti.aspx,37
190653849,http://ameblo.jp/donec/quis/orci/eget/orci.js,125
155877543,http://storify.com/odio/consequat/varius/integer.js,126
296973894,http://51.la/erat/id/mauris/vulputate/elementum.aspx,5
250883241,https://mlb.com/augue/quam/sollicitudin/vitae/consectetuer.html,127
449368633,https://privacy.gov.au/ultrices/phasellus/id/sapien/in/sapien/iaculis.json,6
353558541,https://nasa.gov/id/luctus.xml,128
733083757,https://time.com/varius/nulla.js,129
345521968,http://free.fr/quis/orci/nullam/molestie/nibh/in/lectus.png,15
745493163,http://nyu.edu/massa/id/nisl/venenatis/lacinia/aenean/sit.aspx,130
764747665,https://geocities.com/nisi.js,131
538848730,https://mtv.com/id/ornare/imperdiet.jsp,132
521988878,https://desdev.cn/nulla/pede/ullamcorper/augue/a.json,40
114352997,https://businessinsider.com/vestibulum/sagittis.jsp,13
940561927,http://ebay.co.uk/rutrum/neque/aenean.json,133
272189555,http://house.gov/justo/pellentesque/viverra/pede/ac/diam/cras.xml,72
236327583,https://berkeley.edu/faucibus/accumsan.jsp,134
658121126,https://4shared.com/integer/ac/neque/duis/bibendum/morbi/non.html,28
643343066,https://ameblo.jp/erat/vestibulum/sed.png,47
214498657,http://aol.com/pede/libero/quis/orci.jpg,135
167689334,http://reverbnation.com/lacus/morbi.html,35
645254494,https://squarespace.com/ipsum/primis/in/faucibus/orci/luctus/et.html,71
896998598,https://dropbox.com/mattis/pulvinar/nulla/pede.aspx,44
572598720,https://sohu.com/posuere/cubilia/curae.aspx,136
556951804,http://domainmarket.com/donec.jpg,137
461519247,http://apple.com/faucibus/cursus/urna/ut/tellus/nulla.xml,138
924494374,http://alibaba.com/ultrices/mattis/odio/donec.aspx,34
225983496,http://drupal.org/sit/amet/lobortis/sapien.xml,70
95341436,https://fastcompany.com/maecenas/ut/massa/quis.xml,55
363743428,https://godaddy.com/cum/sociis/natoque/penatibus.html,68
930625610,http://ibm.com/nulla/dapibus/dolor/vel/est/donec.aspx,139
876196409,http://barnesandnoble.com/nunc/commodo/placerat/praesent.json,41
491342115,http://github.io/aenean/auctor/gravida/sem.jsp,26
340779530,https://toplist.cz/ultrices.json,77
884158067,https://smh.com.au/ac/diam.html,140
492838165,https://nydailynews.com/pellentesque/ultrices/phasellus/id.aspx,141
805911404,http://php.net/metus/arcu/adipiscing/molestie/hendrerit.jpg,60
752453274,http://constantcontact.com/tristique.html,45
274279596,https://usgs.gov/nulla.jsp,11
257697442,http://dot.gov/neque/sapien/placerat/ante/nulla/justo/aliquam.js,142
110032967,https://prweb.com/viverra/pede/ac/diam.json,33
207433361,http://usatoday.com/lectus.jpg,143
55937134,https://scribd.com/quam/turpis/adipiscing/lorem/vitae/mattis.jpg,42
108770037,https://columbia.edu/ante/ipsum/primis.jsp,74
701755906,https://tiny.cc/diam/in/magna/bibendum.jsp,144
388167560,https://ed.gov/erat/eros/viverra/eget/congue.html,76
894297868,https://baidu.com/integer/tincidunt/ante/vel/ipsum/praesent.jpg,145
144064885,https://photobucket.com/praesent/lectus/vestibulum/quam/sapien/varius/ut.jsp,51
29759227,http://gnu.org/duis/ac.html,18
958419967,https://symantec.com/dictumst/maecenas/ut/massa/quis/augue.xml,65
902383085,https://merriam-webster.com/nisi/eu/orci/mauris/lacinia/sapien/quis.jpg,58
359796001,http://meetup.com/vivamus/tortor/duis/mattis/egestas.json,52
554808092,http://auda.org.au/felis/sed.jpg,146
441857919,https://senate.gov/lectus/pellentesque/at.json,147
339972746,http://pbs.org/pulvinar.xml,148
55992088,https://baidu.com/diam.xml,46
240700146,https://ow.ly/libero/nullam.xml,139
315271923,http://ask.com/aliquet/pulvinar.jpg,41
161090885,http://europa.eu/risus/semper/porta/volutpat.jpg,26
507313935,https://cnbc.com/vulputate/ut/ultrices/vel/augue.png,77
741578443,https://bloglovin.com/habitasse/platea/dictumst/maecenas/ut/massa/quis.aspx,140
191164697,https://usnews.com/nec.jpg,141
764655494,https://pen.io/rhoncus.jsp,60
302429738,https://blogtalkradio.com/vitae/mattis/nibh/ligula.html,45
254110123,http://delicious.com/auctor/sed.aspx,11
213943638,http://alexa.com/primis/in/faucibus.xml,142
811859003,https://qq.com/ut/erat.json,33
891308596,https://tiny.cc/orci/luctus.html,143
85476391,https://pbs.org/eu/nibh/quisque/id.json,42
256982210,http://ycombinator.com/condimentum.json,74
386179731,https://plala.or.jp/justo/eu/massa/donec/dapibus.png,144
439503049,https://theguardian.com/in/leo/maecenas/pulvinar/lobortis.json,76
161320363,http://usda.gov/at.html,145
113594200,http://samsung.com/pretium/iaculis/justo/in/hac.png,51
887743276,http://yahoo.co.jp/maecenas/leo/odio/condimentum/id.xml,18
760711182,http://usatoday.com/leo/rhoncus/sed/vestibulum/sit/amet/cursus.html,65
473139322,https://deviantart.com/euismod/scelerisque.aspx,58
154025031,http://woothemes.com/eros/viverra.png,52
63413648,http://mediafire.com/odio/curabitur/convallis/duis.aspx,146
875550264,https://i2i.jp/adipiscing/lorem.jpg,147
243012928,https://hatena.ne.jp/non/lectus/aliquam/sit/amet/diam/in.jsp,148
887565472,http://mashable.com/diam/in/magna/bibendum/imperdiet/nullam/orci.aspx,46
62172527,https://dion.ne.jp/eget/elit/sodales.jpg,145
243604544,http://princeton.edu/posuere/cubilia/curae/nulla.aspx,51
89977840,http://businessweek.com/in/hac/habitasse/platea/dictumst.jsp,18
531218893,https://amazonaws.com/cras/mi/pede/malesuada/in/imperdiet.jsp,65
646187283,https://cornell.edu/condimentum/neque/sapien/placerat.js,58
504722514,http://chron.com/nulla/nunc/purus/phasellus/in/felis/donec.jpg,52
319272134,https://miitbeian.gov.cn/nibh/fusce.html,146
716155574,https://phpbb.com/vulputate/vitae/nisl.png,147
645804531,http://imgur.com/quam/pharetra/magna/ac/consequat/metus.js,148
765201484,https://adobe.com/nulla/pede/ullamcorper/augue/a.jpg,46
462553365,http://tinyurl.com/nisl/ut/volutpat/sapien/arcu.xml,58
709380995,http://ebay.com/nunc/nisl/duis/bibendum/felis/sed.png,52
752648657,https://lycos.com/accumsan/tellus.aspx,146
497823280,https://tuttocitta.it/orci/luctus/et/ultrices.jpg,147
979401844,http://disqus.com/duis/at/velit.xml,148
857235237,https://networkadvertising.org/pede/morbi/porttitor.png,58
657557396,http://digg.com/curae.jpg,52
734846677,http://salon.com/condimentum/curabitur/in/libero.json,146
894804466,http://sun.com/fermentum/justo/nec/condimentum/neque/sapien/placerat.html,147
131779637,https://businessinsider.com/quam/a/odio/in/hac/habitasse.js,148
668196884,http://miibeian.gov.cn/ultrices/posuere/cubilia/curae/mauris/viverra/diam.js,146
920801635,https://t.co/donec/semper.png,147
805150084,http://npr.org/varius/integer/ac/leo.json,148
977236498,http://gizmodo.com/ultrices/enim/lorem/ipsum/dolor/sit.html,146
81717862,http://xrea.com/nulla/tempus.png,147
518828005,https://photobucket.com/sed/nisl/nunc/rhoncus/dui.json,148
705723848,https://blinklist.com/at/feugiat/non/pretium/quis/lectus/suspendisse.js,148
