id,C-Email,Company_Name,Country,City,Register _Date
1,bu@sinessinsider.com,Layo,Japan,Tadotsu,2006-11-20
2,ca@rgocollective.com,Rhycero,China,Jinchang,2014-7-6
3,cr@eativecommons.org,Realbridge,China,Yanghu,2006-4-18
4,42@independent.co.uk,Eadel,Philippines,Sula,2014-12-20
5,aker2k@csmonitor.com,Fivebridge,Syria,Al Ma?ba?l?,2010-10-23
6,amirez2m@comsenz.com,Skivee,China,Yongfeng,2003-9-26
7,ardson1p@skyrock.com,Thoughtstorm,Sweden,Storuman,2012-3-19
8,arper1g@cbslocal.com,Feednation,Mexico,San Miguel,2014-7-22
9,burkev@webeden.co.uk,Jazzy,China,Kaji,2016-7-30
10,dan6@accuweather.com,Vinder,China,Jintan,2009-7-15
11,der3j@privacy.gov.au,Rhybox,Indonesia,Belung Satu,2003-10-6
12,eeler3@sitemeter.com,Realblab,Belarus,Khatsyezhyna,2005-10-16
13,er2u@cyberchimps.com,Cogibox,China,Jingdang,2005-10-6
14,erson2b@columbia.edu,Topicware,Haiti,Port-de-Paix,2016-6-18
15,foster2p@dedecms.com,Lazzy,United States,San Diego,2005-1-16
16,gomery13@dedecms.com,Roombo,North Korea,Samho-rodongjagu,2012-11-15
17,hanson26@samsung.com,Voolia,Jamaica,Portmore,2006-4-14
18,hawkins3t@cdbaby.com,Quinu,Portugal,Levandeira,2013-6-4
19,hicks1h@multiply.com,Realpoint,Poland,Micha?owice,2012-6-1
20,hingtonz@myspace.com,Bluezoom,Brazil,Itapetininga,2015-4-20
21,hmidt19@so-net.ne.jp,Shuffledrive,China,Yuhuazhai,2004-8-1
22,homas9@woothemes.com,Tazzy,Albania,Rubik,2018-6-8
23,huntj@mayoclinic.com,Skipfire,Sweden,Link?ping,2011-8-22
24,iams1t@homestead.com,Skynoodle,China,Sanhe,2010-12-19
25,iels1z@123-reg.co.uk,Zava,Morocco,Khenifra,2011-5-12
26,ientificamerican.com,Rhybox,China,Dayin,2014-7-14
27,iley20@homestead.com,Devpoint,Sweden,Solna,2013-2-1
28,kson2y@geocities.com,Twitterwire,Ukraine,Tysmenytsya,2005-11-24
29,ler4@stumbleupon.com,Meembee,Indonesia,Pinggan,2011-7-1
30,liams0@artisteer.com,Youopia,South Korea,Eisen,2009-6-25
31,lliamson43@wired.com,Jetwire,Nepal,Hitura,2008-6-9
32,lores1s@examiner.com,Digitube,Indonesia,Toroy,2014-12-4
33,ls3l@kickstarter.com,Skyndu,Indonesia,Bantal,2018-1-7
34,mstrong37@oakley.com,Thoughtmix,Canada,Notre-Dame-de-l'?le-Perrot,2004-1-16
35,nelson31@typepad.com,Jayo,Albania,Belsh,2009-3-31
36,nguyen22@tinypic.com,Plajo,Russia,Shebunino,2008-1-22
37,niels2h@sakura.ne.jp,Jaxbean,Indonesia,Cigembong,2008-7-9
38,nsb@businesswire.com,Edgepulse,Indonesia,Gerdu,2013-9-24
39,nson1q@tuttocitta.it,Yakidoo,Myanmar,Pyinmana,2012-10-29
40,od2t@dailymail.co.uk,Abata,Haiti,Kenscoff,2007-3-11
41,oks3c@yellowbook.com,Cogilith,China,Chabu,2006-2-28
42,olmes3n@hubpages.com,Katz,Philippines,Claveria,2014-5-31
43,on1r@paginegialle.it,Linktype,Macedonia,Demir Hisar,2003-10-19
44,on33@photobucket.com,Abatz,China,Chenda,2015-9-21
45,on3i@tripadvisor.com,Pixonyx,Zambia,Nyimba,2013-1-27
46,on40@paginegialle.it,Dabjam,Poland,Malbork,2010-9-6
47,ons2z@privacy.gov.au,Gevee,Croatia,Gorjani,2012-9-18
48,ooper2c@symantec.com,Eare,China,Shicong,2009-3-23
49,own2@cyberchimps.com,Snaptags,Thailand,Wichit,2008-7-1
50,ox1m@theatlantic.com,Jaxworks,Philippines,Lomboy,2004-2-5
51,per3s@cloudflare.com,Rhyzio,China,Lianhe,2011-1-15
52,phillips3w@apple.com,Zoonoodle,France,Cergy-Pontoise,2015-7-19
53,pson10@wordpress.org,Jazzy,Costa Rica,Lim¢n,2012-1-31
54,ra1n@cyberchimps.com,Jaxspan,Czech Republic,Kryry,2016-4-10
55,rales39@cbslocal.com,Oodoo,Philippines,San Luis,2014-2-1
56,rayt@accuweather.com,Voomm,Honduras,Santa Luc¡a,2015-7-8
57,rd45@statcounter.com,Quire,Poland,Lasek,2017-2-24
58,reyes3v@symantec.com,Yodo,China,Wudangshan,2008-5-1
59,reynolds1u@topsy.com,Livepath,Portugal,Montalegre,2016-5-25
60,rice3h@biglobe.ne.jp,Skimia,Indonesia,Wonoharjo,2004-6-15
61,riffin14@skyrock.com,Devpoint,Ukraine,Pereval'noe,2009-8-4
62,risonp@artisteer.com,Quimba,Venezuela,La Asunci¢n,2010-1-27
63,rnandez16@discuz.net,Meejo,Ukraine,Denyshi,2003-10-31
64,rsg@biblegateway.com,Eare,Armenia,Jermuk,2012-11-17
65,rson3u@bigcartel.com,Youspan,Poland,Babor¢w,2014-6-2
66,rts24@friendfeed.com,Dynava,Indonesia,Jelat,2009-10-13
67,rtson21@hatena.ne.jp,Oyondu,Portugal,Bemposta,2013-6-26
68,s3a@miitbeian.gov.cn,Realbridge,China,Baixiang,2017-10-17
69,shall1l@mashable.com,Jabbersphere,Philippines,Dimayon,2011-5-31
70,shall38@so-net.ne.jp,Shuffledrive,China,Dalian,2007-9-5
71,tthews32@nytimes.com,Geba,Argentina,Bell Ville,2004-11-20
72,varez2w@springer.com,Tambee,China,Qilin,2016-11-30
73,vens27@123-reg.co.uk,Ooba,Pakistan,Baffa,2012-10-5
74,wn3o@sourceforge.net,Talane,Peru,Longuita,2003-12-13
75,yant1d@over-blog.com,Avaveo,Greece,Aryiropo£lion,2016-8-30
76,z3q@surveymonkey.com,Yambee,Brazil,S?o Marcos,2005-8-31
77,za3e@studiopress.com,Aivee,Panama,La Pe¤a,2012-7-3
78,zalezd@people.com.cn,Eire,Ivory Coast,Sakassou,2014-9-21
79,rtucker1@naver.com,Gigabox,China,Longguang,2007-3-12
80,mwalker5@163.com,Blognation,Sweden,Hisings K?rra,2007-1-4
81,jmartinez7@upenn.edu,Browsedrive,Argentina,San Carlos,2009-8-24
82,tmitchell8@1und1.de,Babbleblab,China,Wuling,2012-12-24
83,mwoodsa@hexun.com,Quinu,Burundi,Cankuzo,2012-2-11
84,kbakerc@mozilla.org,Ozu,United States,Kansas City,2004-8-2
85,jfoxe@google.cn,Photojam,Nigeria,Obubra,2003-10-11
86,cramirezh@cdbaby.com,Youspan,Indonesia,Palenggihan,2009-1-24
87,drossi@yelp.com,Dabfeed,China,HanHuang,2011-11-25
88,dmoralesk@bbc.co.uk,Tagopia,Peru,Honoria,2007-10-29
89,sreynoldsl@loc.gov,Skinte,Colombia,La Paz,2013-6-3
90,cfosterm@elpais.com,Gigashots,China,Yangqing,2015-5-1
91,jsmithn@pcworld.com,Divavu,Syria,Douma,2016-7-19
92,wwarreno@msu.edu,Browsedrive,Poland,D?b¢w,2015-11-28
93,jjacksonq@mtv.com,Photofeed,China,Shuikou,2010-12-27
94,arayr@live.com,Dabshots,Ukraine,Dykan?ka,2008-9-1
95,wgreenes@reddit.com,Skippad,Dominican Republic,Padre Las Casas,2007-12-15
96,thicksu@rambler.ru,Photobug,Indonesia,Kertasari,2003-9-26
97,dryanw@dot.gov,Youfeed,Indonesia,Nguken,2014-2-24
98,sharveyx@skyrock.com,Topicblab,Uganda,Bududa,2005-4-25
99,dsandersy@msn.com,Meetz,United States,Newark,2018-1-21
100,rlynch11@lulu.com,Devpulse,Sweden,Katrineholm,2018-3-2
101,jpowell12@bbb.org,Podcat,Iran,Qarah ???? od D?n,2013-4-2
102,rwilliams15@soup.io,Youtags,Philippines,Manuel Roxas,2007-7-14
103,hdunn17@nifty.com,Gigashots,Philippines,Santa Monica,2009-9-13
104,vrogers18@go.com,Chatterpoint,Poland,Dobrze? Wielki,2004-12-1
105,pwells1a@apache.org,Twitterbridge,Japan,Kanzaki,2018-1-10
106,dreed1b@umn.edu,Dabjam,China,Luoqiao,2009-10-29
107,abanks1c@archive.org,InnoZ,Philippines,Tacurong,2009-3-20
108,afrazier1e@sogou.com,Trupe,Sweden,?lvdalen,2007-10-9
109,cortiz1f@ocn.ne.jp,Edgetag,Russia,Yaroslavl,2003-12-30
110,hwood1i@myspace.com,Digitube,Bosnia and Herzegovina,Grada?ac,2015-3-18
111,ebailey1j@usnews.com,Riffpedia,Indonesia,Tanjungkerta,2015-2-9
112,blynch1k@vk.com,Brightdog,Sweden,Mariefred,2013-7-23
113,acarr1o@cnn.com,Thoughtbeat,Honduras,Arada,2013-3-30
114,ldaniels1v@gov.uk,Realblab,Indonesia,Sumbergedong,2015-6-22
115,krice1w@behance.net,Oyoyo,Indonesia,Bofuer,2007-1-18
116,bmartin1x@zdnet.com,InnoZ,Indonesia,Solok Timur,2005-12-13
117,mtaylor23@soup.io,Yodoo,China,Khuma,2012-5-9
118,mharris25@umn.edu,Ntag,Croatia,Trilj,2005-5-7
119,pwells28@diigo.com,Skinix,China,Gaoleshan,2009-6-15
120,kmcdonald29@i2i.jp,Cogilith,Philippines,Masaguisi,2004-4-9
121,swillis2a@ftc.gov,Plajo,Vietnam,N£i ??i,2014-3-6
122,shudson2d@last.fm,Browsebug,Egypt,Farsh??,2004-9-29
123,dvasquez2f@fc2.com,Skilith,China,Huaqiao,2017-6-22
124,rbrown2g@dion.ne.jp,Layo,China,Taohuajiang,2013-2-14
125,alewis2i@un.org,Thoughtmix,Poland,Drohiczyn,2011-3-19
126,flane2j@icq.com,Photojam,Portugal,S?o Man?os,2014-3-5
127,jkim2l@virginia.edu,Kamba,France,Carcassonne,2016-12-3
128,bgordon2n@sbwire.com,JumpXS,Bulgaria,Razgrad,2012-1-15
129,rcarr2o@reuters.com,Tazzy,Japan,Matsuyama,2008-9-24
130,jlane2q@google.nl,Feedbug,China,Qingshui,2012-4-8
131,adean2r@psu.edu,Janyx,Thailand,Phichai,2014-12-28
132,tray2s@1und1.de,Twitterbridge,Colombia,Pailitas,2012-7-31
133,lharrison2v@about.me,Avavee,Honduras,Las Trojes,2007-8-27
134,jross2x@vk.com,Layo,Sweden,K?ping,2017-2-7
135,lmorgan30@noaa.gov,Voonyx,Sweden,V?xj?,2013-4-5
136,rortiz34@163.com,Mynte,Sweden,?lvsj?,2010-2-21
137,ihayes35@who.int,Demivee,Russia,Losino-Petrovskiy,2012-7-11
138,gwood36@gnu.org,Yadel,China,Dingqing,2011-11-27
139,wmason3b@europa.eu,Lazzy,China,Huilongshan,2010-4-4
140,rrussell3f@cbc.ca,Tagfeed,Pakistan,Sh?hd?dkot,2010-10-8
141,wturner3g@51.la,Wikibox,Japan,Date,2004-10-17
142,wramos3k@weibo.com,Omba,Russia,Vysotskoye,2013-9-6
143,hwood3m@sphinn.com,Browsedrive,Bolivia,San Carlos,2006-5-5
144,jyoung3p@skype.com,Skiptube,Portugal,Foros da Catrapona,2008-10-7
145,jsimmons3r@weibo.com,Dazzlesphere,Portugal,Barreiras,2013-2-20
146,pkim3x@mozilla.com,Divavu,Norway,Oslo,2015-6-22
147,jfrazier3y@mtv.com,Skyvu,Greece,Khiliom¢dhi,2009-3-23
148,agarrett3z@wisc.edu,Skivee,Brazil,Rio Claro,2004-9-1
149,jgray41@gizmodo.com,Tavu,Greece,G?fyra,2006-11-23
150,jmyers44@fema.gov,Ntags,Brazil,Tapera,2011-3-1
